entropy_only,information_gain,kl_divergence,confidence_drop,is_hallucinated
4.946304798126221,0.0903436467051506,5.601065723733469,0.017379136756062508,1
4.595339298248291,-0.52959805727005,6.354143711828416,0.09909680485725403,1
5.406103610992432,0.02620714344084263,5.597846242514524,-0.03832945600152016,1
4.59525728225708,-1.3566641807556152,6.120430992709266,0.09053817391395569,1
4.918596267700195,0.0879179984331131,7.346945062279701,0.07730732858181,1
4.518476486206055,-0.7837252020835876,5.32959429415003,0.06051500141620636,1
4.342384338378906,-0.17052844166755676,6.78835260681808,0.021748673170804977,1
4.477130889892578,-1.7448910474777222,5.954230955668858,0.21397793292999268,1
4.129439353942871,-0.6470711827278137,7.187947130203247,0.08678390830755234,1
4.1470112800598145,-0.31358054280281067,7.285979746580124,0.09701056778430939,1
5.181436538696289,-0.4794631004333496,6.571060256524519,0.03200236335396767,1
3.879426956176758,-0.4978089928627014,7.328485727310181,0.05831923335790634,1
5.3219194412231445,-0.13078665733337402,5.4700386971235275,-0.06238611042499542,1
5.072176456451416,-0.9230968356132507,4.761684522032738,0.03124944306910038,1
5.344329833984375,-0.3594002425670624,5.379965288298471,0.05246492475271225,1
4.99179744720459,-0.5627224445343018,5.769992385591779,0.010283874347805977,1
3.714186906814575,-0.9284238219261169,7.383735092247234,0.073830246925354,1
6.350316047668457,1.205418586730957,5.089046619832516,-0.14438632130622864,1
2.97054386138916,-1.290903925895691,8.825418023502126,0.17639712989330292,1
4.986238956451416,-0.9600251317024231,4.564947717719608,0.0931754857301712,1
3.8770337104797363,-0.587174117565155,7.434297828376293,0.02603110298514366,1
5.036856651306152,-0.5371989607810974,6.934305939409468,0.03544752299785614,1
5.007715702056885,-0.2643109858036041,5.906983196735382,-0.054416608065366745,1
4.764008522033691,-1.10323965549469,5.421027358373006,0.12375888228416443,1
3.8727619647979736,0.00892448890954256,8.419822193004869,-0.015066849067807198,1
4.950499534606934,0.07948729395866394,6.081788100302219,-0.052246205508708954,1
4.619356155395508,0.08209113031625748,7.090068092346192,-0.0071709672920405865,1
5.700664520263672,-0.6298404335975647,4.570898532867432,0.03962567821145058,1
5.066022872924805,0.08701173216104507,7.204376252492269,0.020800240337848663,1
5.7607011795043945,1.1149389743804932,6.382810372114181,-0.20260587334632874,1
5.94941520690918,0.7510327696800232,7.04634671486341,0.053597211837768555,1
5.77088737487793,1.1217565536499023,5.302727100524035,-0.17981533706188202,1
4.008888244628906,-1.4754524230957031,4.98605258085511,0.13285143673419952,1
3.7627291679382324,-1.0348718166351318,8.281848163831802,0.11200980097055435,1
5.170799732208252,0.708801805973053,6.801795095205307,-0.16985167562961578,1
4.317225933074951,-0.6112373471260071,7.381458016542288,0.013861582614481449,1
4.627519607543945,-0.11152256280183792,6.275519587776878,0.019987426698207855,1
4.4644365310668945,-0.014250053092837334,7.833288941118452,0.07894770056009293,1
4.887307643890381,-1.6126389503479004,6.596704536014133,0.09168445318937302,1
4.94571590423584,-2.1857333183288574,5.034208154678344,0.23330295085906982,1
5.3882222175598145,-1.3777639865875244,5.0397931933403015,0.013261090964078903,1
4.969183444976807,-0.9790741205215454,6.108456993103028,0.02482101321220398,1
3.9913511276245117,-0.5563219785690308,6.688934914767742,0.042018335312604904,1
4.9421892166137695,-0.3374633193016052,6.696984637724726,-0.001233016955666244,1
4.66135835647583,-0.4707430303096771,6.129225655396779,-0.039907559752464294,1
4.05141544342041,0.7588399052619934,8.556678986549377,-0.18811021745204926,1
4.9224934577941895,0.3451775908470154,7.587548014521599,-0.0439976342022419,1
4.100634574890137,-0.6783042550086975,7.430094546741909,0.054791927337646484,1
5.26791524887085,-1.1706292629241943,5.193909120559693,0.102403923869133,1
5.13758659362793,1.1803464889526367,6.563799869073065,-0.10737434029579163,1
4.932408809661865,-0.7127520442008972,5.262357114503781,0.07942358404397964,1
6.296936988830566,0.004726750310510397,5.195194976670401,0.06736761331558228,1
5.263181686401367,0.36830538511276245,6.208912327885628,-0.10845121741294861,1
4.034422874450684,-0.7289831042289734,6.715459471940994,0.042966391891241074,1
5.467311382293701,0.4418235123157501,5.42725651152432,-0.004547715187072754,1
5.31414794921875,0.1677100509405136,6.1530064818533985,0.04863826930522919,1
5.125490188598633,0.09101638197898865,7.014984956154456,-0.009043491445481777,1
4.572216987609863,0.17121072113513947,7.982327461242676,-0.06053130328655243,1
5.259463310241699,0.26836341619491577,5.668387788534164,-0.08804865181446075,1
4.433933734893799,-0.23123592138290405,8.081575194994608,-0.01940985955297947,1
4.412378311157227,-1.4810142517089844,5.33917236328125,0.16130417585372925,1
4.225440979003906,-0.92928147315979,6.790573855241139,0.13429301977157593,1
4.2457451820373535,0.8328288197517395,9.107431260550895,-0.12117516249418259,1
4.532485008239746,-1.247965931892395,5.830801864465077,0.217508926987648,1
4.863752365112305,0.1243850365281105,6.103170146544774,-0.16802656650543213,1
4.313806056976318,-1.0889033079147339,6.61086061000824,0.061593521386384964,1
4.403399467468262,0.015751298516988754,7.237723398208618,0.03559432178735733,1
4.919893741607666,-0.4716646671295166,4.96524719397227,0.014080951921641827,1
5.546322822570801,-0.2268688678741455,5.19983448432042,0.011214111931622028,1
4.281167507171631,-0.6805195808410645,6.282912125190099,0.05220748856663704,1
5.2505083084106445,-0.1334911584854126,6.425669628031113,0.013118529692292213,1
3.4811513423919678,-0.8282612562179565,8.809000250455496,0.13378074765205383,1
3.9633593559265137,-0.6003361344337463,8.151442873737086,0.05240628495812416,1
3.4175446033477783,-0.2963419258594513,7.0979279458522795,0.09681544452905655,1
5.768014430999756,-1.4219833612442017,3.58481764793396,0.04807247966527939,1
4.54274320602417,-1.1969126462936401,6.539012523797842,0.04512486234307289,1
4.6343207359313965,-0.9149147868156433,5.409034156799317,0.08442462980747223,1
4.068455219268799,0.2337460070848465,7.957927239184477,-0.056569453328847885,1
5.0945940017700195,-0.5307221412658691,6.1579107871422405,0.1201077401638031,1
4.8892292976379395,0.3370530605316162,6.786192868437086,-0.025287048891186714,1
6.022034168243408,0.9108018279075623,5.397753182798624,-0.10666056722402573,1
3.7078258991241455,-1.6380165815353394,7.833975213269393,0.14650937914848328,1
4.2016425132751465,-0.5058025121688843,7.137701686223348,0.004027817863970995,1
4.627920150756836,-0.39067715406417847,6.360556526825978,0.05988350138068199,1
5.113570213317871,-0.044834792613983154,5.842316824942827,-0.06227737292647362,1
5.239180088043213,0.5812773108482361,6.626402237585613,-0.13209567964076996,1
4.059254169464111,-1.593450665473938,7.066592454910278,0.19053605198860168,1
4.664094924926758,-0.9113973379135132,6.233802683651447,0.133088156580925,1
4.856715202331543,-1.2886061668395996,5.736775207519531,0.17728491127490997,1
4.1714982986450195,-1.4264744520187378,5.16660816139645,0.07360237836837769,1
4.934273719787598,-1.3233582973480225,5.60704106092453,0.10799900442361832,1
4.685861587524414,1.012967586517334,8.103555039167404,-0.07527920603752136,1
4.487972259521484,-1.0736303329467773,7.122641587257386,0.07730846107006073,1
4.819896697998047,-0.023332424461841583,6.283257550663418,-0.02971566654741764,1
5.759951114654541,0.17710700631141663,3.522522720423612,0.046288494020700455,1
3.4928886890411377,-1.659041404724121,7.218094073235989,0.15631401538848877,1
3.480790853500366,-0.6012996435165405,8.699579244852066,0.06994826346635818,1
5.876028537750244,0.09403250366449356,3.674263048171997,-0.05816575139760971,1
4.247982501983643,-0.6107786893844604,6.959425873616162,0.10378919541835785,1
4.8904194831848145,-0.9710949063301086,4.877026489802769,0.05155813694000244,1
6.176502227783203,-0.49838876724243164,0.19015546143054962,0.022176720201969147,0
6.252842903137207,-0.42204809188842773,0.15466704964637756,0.02661597728729248,0
4.414475440979004,-2.1593945026397705,5.636175018548966,0.1783979833126068,0
7.660679340362549,0.9857883453369141,0.3716849982738495,-0.017085712403059006,0
6.8175368309021,-0.4738771915435791,1.8180225417017937,0.03316909447312355,0
6.505731582641602,-0.1691594123840332,0.1493077576160431,0.015240006148815155,0
7.7046380043029785,0.4132237434387207,2.4321354031562805,-0.011502433568239212,0
6.792608261108398,0.11771726608276367,0.12203443795442581,0.004884213209152222,0
6.5244245529174805,1.0877842903137207,3.493143677711487,-0.07170067727565765,0
7.247942924499512,-0.043471574783325195,2.2069259583950043,0.024506255984306335,0
6.714061260223389,-1.071709156036377,2.609310378630956,0.07362079620361328,0
4.416306495666504,-1.3600493669509888,6.544896656274796,0.1675509512424469,0
8.083015441894531,1.4081244468688965,0.5471447110176086,-0.03198876976966858,0
6.461977005004883,-0.8294363021850586,2.267527963966131,0.044519856572151184,0
5.0803070068359375,-1.0759596824645996,4.858659043908119,0.1181730106472969,0
6.043875217437744,-1.5397285223007202,4.163455203175545,0.11525716632604599,0
5.056491851806641,-0.9472830295562744,5.964972615242004,0.12164696305990219,0
8.265851020812988,1.5909600257873535,0.3721734285354614,-0.03323277831077576,0
4.388372898101807,-2.205793857574463,4.7930432967841625,0.18667936325073242,0
5.330923557281494,-2.454846143722534,3.354402740796407,0.13564281165599823,0
6.050320625305176,-1.241093397140503,2.010688990354538,0.051545388996601105,0
6.668842792510986,-0.31402158737182617,4.173897936940193,0.037299614399671555,0
5.560835838317871,-2.0668201446533203,6.170537441968918,0.2212992012500763,0
6.6663970947265625,-0.6250166893005371,1.7999088168144226,0.022563746199011803,0
6.399179935455322,-0.2757110595703125,0.10201761871576309,0.014900624752044678,0
4.985235691070557,-2.5983681678771973,5.386847048997879,0.170811727643013,0
7.86849308013916,1.1936020851135254,0.42343729734420776,-0.028116174042224884,0
7.919515609741211,0.6281018257141113,1.8502986133098602,-0.03114868700504303,0
6.5392231941223145,0.3829563558101654,4.087418546279271,-0.017259927466511726,0
7.451044082641602,0.49686670303344727,3.0516343116760254,-0.009062078781425953,0
5.586920738220215,-0.8230785131454468,3.442528802156448,0.06164572387933731,0
6.471323490142822,-1.0064564943313599,2.2131579518318176,0.03118840791285038,0
4.10833740234375,-1.070076823234558,5.863009534776211,0.00106126070022583,0
6.233213901519775,-1.5525563955307007,3.254174073537191,0.16451312601566315,0
6.916243076324463,0.7599762082099915,4.627287904421489,-0.10039416700601578,0
7.380017280578613,0.08860349655151367,1.442298710346222,0.012865623459219933,0
6.858116149902344,-0.1986246109008789,2.947698727250099,0.002814309671521187,0
6.404239654541016,0.24797280132770538,3.949926237265269,-0.015973743051290512,0
3.489264965057373,-2.098616123199463,8.174155878169197,0.2976624071598053,0
8.265851020812988,1.5909600257873535,0.3721730709075928,-0.033232495188713074,0
5.9430952072143555,-0.8661841154098511,3.4175211042165756,0.049887850880622864,0
6.217781066894531,0.0717165470123291,3.3037049621343613,-0.04318349063396454,0
4.436147689819336,-1.373365044593811,6.246265446146329,0.20669031143188477,0
4.6496076583862305,-1.579329252243042,6.542843773961067,0.2834073305130005,0
6.274148941040039,-1.5116208791732788,3.3056481083234153,0.06464041024446487,0
6.921998500823975,0.7657308578491211,4.121297319730123,-0.07347796112298965,0
8.265851020812988,1.5909600257873535,0.3721734285354614,-0.03323277831077576,0
6.679512023925781,0.004621028900146484,0.11224319040775299,0.005997009575366974,0
4.839966297149658,-1.4835224151611328,6.51305490732193,0.16157765686511993,0
3.93192720413208,-0.6437416076660156,6.2764507702418735,0.10425084829330444,0
7.105897903442383,0.27995410561561584,2.42685329914093,-0.054838627576828,0
4.995573997497559,-1.5700079202651978,6.256082832813263,0.13822565972805023,0
5.005220413208008,-1.4951167106628418,3.4838802814483643,0.11544186621904373,0
7.757562637329102,0.46614885330200195,1.6823112070560455,-0.019536243751645088,0
6.027426719665527,-0.7685627937316895,2.9602162837982178,0.038038469851017,0
6.411680221557617,-1.066100001335144,2.655253062645594,0.07144854217767715,0
6.254524230957031,-1.0368895530700684,1.703255146741867,0.03252575173974037,0
6.794128894805908,0.6378623843193054,3.51751838127772,-0.0764574483036995,0
6.112393379211426,-0.40589189529418945,0.9869405388832092,0.015607871115207672,0
5.235317707061768,-0.5915703773498535,7.266427295548575,0.10114967823028564,0
7.3226823806762695,0.03126859664916992,2.194638252258301,-0.009379832074046135,0
6.686634540557861,0.7354865074157715,4.632648388544719,-0.06811509281396866,0
4.945988655090332,-1.2102781534194946,5.929527799288432,0.21527881920337677,0
5.553114891052246,-0.9584584832191467,5.247300531182971,0.08641330152750015,0
6.67048454284668,-0.6209292411804199,1.7995125353336334,0.014905508607625961,0
5.120336055755615,-0.5705968141555786,4.921546657880147,0.11883669346570969,0
5.1136884689331055,-0.5657939910888672,5.647167371852057,0.06066432222723961,0
4.364387035369873,-2.3635683059692383,5.670108497142792,0.1414385885000229,0
6.505731582641602,-0.1691594123840332,0.1493074893951416,0.015240289270877838,0
4.846271991729736,-1.1021181344985962,5.673903125027816,0.15892641246318817,0
6.2934746742248535,-0.35852956771850586,2.595677430431048,0.00713241845369339,0
6.634446620941162,0.47817930579185486,4.118012060721715,-0.04030253365635872,0
5.348476409912109,-1.885248064994812,2.2808014849821725,0.07340341806411743,0
6.352345943450928,-0.19497931003570557,3.5553512945771217,0.005263803526759148,0
5.784874439239502,-1.5065398216247559,2.3505042791366577,0.08640963584184647,0
6.505731582641602,-0.1691594123840332,0.1493077576160431,0.015240006148815155,0
7.040001392364502,-0.25141263008117676,1.852785885334015,0.030408257618546486,0
6.461977005004883,-0.8294367790222168,2.2675283141434193,0.04451974481344223,0
5.705752372741699,-0.9429224133491516,5.575650447607041,0.10683645308017731,0
7.335764408111572,0.19832849502563477,1.9947530627250671,-0.007072230335325003,0
6.5780463218688965,-0.19654560089111328,1.7565666437149048,0.008743581362068653,0
6.525420665740967,0.17265541851520538,2.6791649063428244,-0.09975596517324448,0
6.252842903137207,-0.42204809188842773,0.15466704964637756,0.02661597728729248,0
6.177612781524658,-1.1138012409210205,2.1478891521692276,0.029027080163359642,0
6.505731582641602,-0.1691594123840332,0.1493077576160431,0.015240006148815155,0
7.484377384185791,-0.19558238983154297,1.5560299058755238,0.007230436895042658,0
6.505731582641602,-0.1691594123840332,0.1493077576160431,0.015240006148815155,0
5.744126796722412,-2.0416433811187744,3.8167763700087867,0.048470791429281235,0
6.530732154846191,-0.14415884017944336,0.09199678897857666,0.013754710555076599,0
5.773070812225342,-0.9875667691230774,5.1438233852386475,0.07989780604839325,0
8.265851020812988,1.5909600257873535,0.3721734285354614,-0.03323277831077576,0
6.552191257476807,0.39592424035072327,3.816331962744395,-0.03310597315430641,0
5.0921783447265625,0.6570299863815308,7.032702412870195,-0.05579277500510216,0
7.6937575340271,1.5374902486801147,3.453224321206411,-0.11243131011724472,0
7.055592060089111,-0.23582220077514648,2.896965444087982,0.007383260875940323,0
6.838816165924072,0.6825494766235352,4.00212503472964,-0.07085331529378891,0
6.953057765960693,0.7967904210090637,4.018407960732778,-0.06850793957710266,0
5.418493747711182,-1.3752899169921875,4.1620588675141335,0.09913988411426544,0
5.537537574768066,-2.0531768798828125,4.171841211616993,0.1345100849866867,0
6.320082187652588,-0.35613688826560974,3.3677430152893066,0.05162813514471054,0
